workers,total_ops,duration_sec,throughput_ops_sec,mean_latency_ms,p95_latency_ms,p99_latency_ms
1,29000,2.429594627,11936.14756870303,0.07818503320683884,0.1061019999895052,0.10933700002624391
2,58000,3.711843084999998,15625.660533545972,0.1215994757240694,0.14866300000448973,0.18404999997301275
4,116000,6.400894900000026,18122.465969563025,0.21360659568965837,0.29159199999639895,0.33185200004481885
8,232000,13.602124005999997,17056.159751055282,0.4593972827500034,0.7130419999725746,0.8689919999937956
16,464000,29.873988258999987,15531.906753702799,1.0188732073427156,1.887566999982937,2.4621609999826433
32,928000,59.89980225000005,15492.538625200541,2.0517860761034394,4.3164040000078785,5.855574999998225
