workers,total_ops,duration_sec,throughput_ops_sec,mean_latency_ms,p95_latency_ms,p99_latency_ms
1,5000,0.41974434299999075,11912.012832058846,0.0778257731999588,0.08225900000979891,0.08731700000907949
2,10000,0.6484594759999993,15421.164112959945,0.12313848829995777,0.143446000009817,0.19920399998341054
4,20000,1.1354349510000077,17614.39524332545,0.21946399189995133,0.2924080000070717,0.3361269999970773
8,40000,2.3223263109999834,17224.108347967765,0.45143380542506006,0.703103000006422,0.8429019999880438
16,80000,4.9792715579999935,16066.607146876182,0.9833765853750119,1.8003080000141836,2.3318329999995058
32,160000,9.865366451,16218.353448369031,1.952388891756286,3.9988860000050863,5.499060000005329
