workers,total_ops,duration_sec,throughput_ops_sec,mean_latency_ms,p95_latency_ms,p99_latency_ms
1,20000,8.009283495000034,2497.102270444719,0.3937521964000041,0.42877800001406285,0.44878300002437754
2,40000,12.79630345999999,3125.9027362891275,0.6319269311250721,0.6996710000066741,0.7403730000419273
4,80000,10.887115575999985,7348.135458059742,0.5140009003374608,0.7212890000118932,0.8789340000134871
8,160000,15.439913248999972,10362.752524555994,0.7155377789624797,0.9827869999980976,1.1309289999985594
16,320000,28.258947123999974,11323.84722600751,1.3485233003687478,2.421409000021413,3.116938999994545
32,640000,52.58338010699998,12171.146067401669,2.583233901025006,5.357224000022143,7.224191000034352
