workers,total_ops,duration_sec,throughput_ops_sec,mean_latency_ms,p95_latency_ms,p99_latency_ms
1,1000,0.14107126300001482,7088.615914638086,0.13326697999988824,0.14308799998730137,0.15450000000782893
2,2000,0.18355068500000016,10896.172901779137,0.17609594650045324,0.22625699998002347,0.26796099999160106
4,4000,0.24161406100000704,16555.327878868287,0.23241849950009907,0.29616000000487475,0.3501190000179122
8,8000,0.5084344839999915,15734.573975120331,0.4937551928747652,0.7409119999977065,0.9131310000043413
16,16000,1.0290220459999944,15548.74364664495,1.004670000687586,1.889930999993794,2.455706999995755
32,32000,2.0483676890000027,15622.195259105143,2.0057133089375387,4.13599399999498,5.704215999998041
