workers,total_ops,duration_sec,throughput_ops_sec,mean_latency_ms,p95_latency_ms,p99_latency_ms
1,100,0.06995369699998832,1429.517013232577,0.6631539999992242,0.9517009999910897,1.6839989999937188
2,200,0.09769527999998218,2047.1818085790478,0.9168706999996346,1.442357000001948,3.9998450000098273
4,400,0.10250983200000974,3902.064730727117,0.9486547124999589,1.4560500000015963,1.664007999977457
8,800,0.1323070760000178,6046.539793532225,1.2195201100002606,1.8999819999976353,2.116927999992413
16,1600,0.24455724199998485,6542.435574245228,2.297611798750001,3.824173999987579,4.861980000015365
32,3200,0.4354777290000129,7348.251786258179,4.007197987812381,7.430559999988873,9.907714000007672
