workers,total_ops,duration_sec,throughput_ops_sec,mean_latency_ms,p95_latency_ms,p99_latency_ms
1,5000,0.4172511659999145,11983.190000243221,0.07749605920398608,0.08457100011582952,0.09233499986294191
2,10000,0.6378549769997335,15677.54483477861,0.1210507842950392,0.14325099982670508,0.15826200069568586
4,20000,1.1522424220001994,17357.45848107347,0.22022069409945288,0.2998239997396013,0.3465609997874708
8,40000,2.325782244999573,17198.514644266426,0.4518755028748728,0.7011970001258305,0.8303879994855379
16,80000,4.975511214999642,16078.749809431543,0.9828564331121243,1.8004940002356307,2.3181219994512503
32,160000,9.857785524000064,16230.82583917647,1.9511352428077318,3.979766999691492,5.473311000059766
