workers,total_ops,duration_sec,throughput_ops_sec,mean_latency_ms,p95_latency_ms,p99_latency_ms
1,5000,0.433080106999995,11545.208194012148,0.08043578959980664,0.0871439999912127,0.09768900000040048
2,10000,0.6381943849999914,15669.207117828426,0.12114224619992911,0.14247799998656774,0.1517430000035347
4,20000,1.1363447029999918,17600.293244821984,0.21998607970001416,0.2830180000046312,0.31852800000820025
8,40000,2.331003384000013,17159.992248213646,0.4535434812999739,0.7047070000112399,0.8399509999890142
16,80000,4.963125288000015,16118.875780433404,0.9794798680749998,1.820722999980262,2.368119000010438
32,160000,9.839127604999987,16261.60432340487,1.946549115575041,4.038528999984692,5.562910999998394
