workers,total_ops,duration_sec,throughput_ops_sec,mean_latency_ms,p95_latency_ms,p99_latency_ms
1,1000,0.14148039799999879,7068.116955678966,0.13375248900007364,0.14272699999651195,0.16024000001380045
2,2000,0.1509739830000001,13247.315598741267,0.14460492450021434,0.17986099999234284,0.2583339999944201
4,4000,0.2581768619999991,15493.25516242433,0.24714729749986478,0.3174209999770028,0.3804300000069816
8,8000,0.5176292130000206,15455.078266611821,0.5050485742499831,0.7679590000009284,0.9416179999846008
16,16000,1.0330342800000096,15488.353397139785,1.0065158450623795,1.9060640000247986,2.4808480000046984
32,32000,2.0314879869999913,15752.000604865076,1.9876177335625729,4.122392999988733,5.734735999993745
