workers,total_ops,duration_sec,throughput_ops_sec,mean_latency_ms,p95_latency_ms,p99_latency_ms
1,1000,0.3737386789998709,2675.6663310204117,0.3654962430218802,0.40593000085209496,0.4785049995916779
2,2000,0.6103913930000999,3276.5861755846754,0.6033145725059512,0.675439000588085,0.7117119994290988
4,4000,0.5651951520003422,7077.201539756976,0.5334569299998293,0.8330390000992338,0.969997999163752
8,8000,0.7025739079999767,11386.7023937363,0.6298548642563446,0.8531679995940067,0.979595999524463
16,16000,1.2111586500004705,13210.490632250188,1.1300086304352703,2.023815000029572,2.626018000228214
32,32000,2.175691836999249,14707.965280659848,2.1089404923752113,4.362206000223523,5.920964000324602
