workers,total_ops,duration_sec,throughput_ops_sec,mean_latency_ms,p95_latency_ms,p99_latency_ms
1,100,0.06197537400001352,1613.5441151186628,0.5858906599974034,0.8901440000101957,1.7908519999991768
2,200,0.08904782399997657,2245.9841354467303,0.839481089999623,1.321388000008028,1.4367039999854114
4,400,0.09853742000001375,4059.3715565106554,0.8992322350000137,1.3581739999892761,1.9796040000130688
8,800,0.11694044000000758,6841.089361387285,1.087897175000414,1.712324999999737,1.9483289999868703
16,1600,0.22462614100001588,7122.946567469576,2.1407210274999677,3.572644000001901,4.530308999989074
32,3200,0.408850536000017,7826.821095325327,3.782670780624917,7.2889989999964655,9.238772000003337
