workers,total_ops,duration_sec,throughput_ops_sec,mean_latency_ms,p95_latency_ms,p99_latency_ms
1,100,0.2511452679991635,398.175927409204,2.4762062299851095,3.047072000299522,3.394323000065924
2,200,0.33636718400066457,594.5883234543024,3.2338938949897056,5.771881000327994,6.569000999661512
4,400,0.3549123120001241,1127.0389515251873,3.217440827527298,5.719312000110222,6.010462000631378
8,800,0.4171448920005787,1917.7988639949358,3.3423579424857053,5.6188799999290495,6.676349000372284
16,1600,0.5785768890000327,2765.4059994779873,4.601048699998387,7.482378000531753,9.082339000087813
32,3200,0.7907957959996565,4046.556666319695,6.285881132514248,10.665980000339914,13.482786999702512
