workers,total_ops,duration_sec,throughput_ops_sec,mean_latency_ms,p95_latency_ms,p99_latency_ms
1,400,0.768559702999994,520.4540368674561,1.9041823849997286,2.249931999983801,2.3237009999661495
2,800,1.2796336740000243,625.1789213230605,2.9148174262496696,4.915073999995911,5.361517000039839
4,1600,1.3060592200000087,1225.059304738103,2.9577835793746488,4.197517000022799,5.092093000030218
8,3200,1.7933394780000071,1784.3805031096222,3.895947312812673,6.794793000040045,7.6340260000051785
16,6400,2.574554225999975,2485.867236886104,5.700954352500078,9.001536000027954,10.805427000036616
32,12800,3.887750574999984,3292.3922852226838,8.47894497609372,14.388630999974339,18.33252800003038
